id;nombre;apellido;email;telefono;fecha_nacimiento
1;um silver;though imaginary until;Soledad.BalderasAcuna61@yahoo.com;obnoxiously colorless;2025-04-10
2;now abnormally inasmuch;along shovel;Roberto.AlcantarTerrazas@yahoo.com;accept behind;2025-04-10
3;dearest char;too;Teodoro.LozadaEnriquez73@hotmail.com;tarragon ah;2025-04-10
4;boo for;shoot lest twist;Benito_FuentesRascon90@gmail.com;ignorance;2025-04-10
5;marketplace;loyalty of geez;AnaLuisa_AlcarazSandoval24@yahoo.com;courageously who;2025-04-09
6;tremendously without thankfully;finally;Mayte_GuerreroRaya@yahoo.com;even innovate progress;2025-04-10
7;aha whether yet;smoothly notwithstanding redress;Martin_RivasVillasenor@hotmail.com;dimly;2025-04-10
8;however opposite;synthesise;Berta_VillasenorZayas@yahoo.com;goodwill ack;2025-04-10
9;circa recompense;likewise violent;Enrique79@yahoo.com;psst while;2025-04-10
10;vice brr terraform;immediately carboxyl;Andrea_PartidaGracia57@gmail.com;total lanky;2025-04-10
