id;codigo;fecha_reserva;estado
1;quicker furiously institute;2025-04-09T23:56:58;toward reflate scarcely
2;vice;2025-04-10T06:08:19;dock restfully
3;unexpectedly;2025-04-10T14:06:52;accountability meh whenever
4;until weary meh;2025-04-10T16:56:17;hmph angelic
5;whose next er;2025-04-10T21:06:39;ouch joshingly conceptualize
6;vaguely kindly;2025-04-09T23:10:48;frightened neaten fully
7;stupendous inside;2025-04-09T22:53:52;midst
8;zowie repentant ha;2025-04-10T19:55:54;psst larva
9;over;2025-04-10T01:34:56;sense impact over
10;naturally jaggedly;2025-04-10T06:46:33;mortally knowingly quarrelsome
