id;numero_vuelo;origen;destino;fecha_salida;fecha_llegada
1;incidentally;gnaw battle riser;outside blah psst;2025-04-10T19:01:50;2025-04-10T07:06:05
2;rally;fund unto phooey;which hm hundred;2025-04-09T22:17:04;2025-04-10T20:07:57
3;ugh save;tremendously upwardly;that knowingly abnormally;2025-04-09T22:40:10;2025-04-10T10:06:37
4;allocation perfectly;delightfully;quiet account;2025-04-10T07:12:54;2025-04-10T03:21:24
5;spirit round;season;vainly yet;2025-04-10T19:57:57;2025-04-10T02:00:44
6;institute voluntarily;enhance yak;successfully;2025-04-10T15:27:49;2025-04-10T08:04:55
7;apropos;outlandish geez bookend;deceivingly whoa;2025-04-10T14:05:31;2025-04-10T11:55:41
8;transcend justly;an;down willing;2025-04-10T03:02:06;2025-04-09T23:28:28
9;amidst prestigious commemorate;so sadly lovingly;foolish plus shameful;2025-04-09T22:21:17;2025-04-10T09:01:06
10;refine ravioli aw;for drum;how duh er;2025-04-10T06:48:33;2025-04-10T05:25:48
